Player,Player_URL
Geoff Ogilvy,"https://pga-tour-res.cloudinary.com/image/upload/c_fill,d_headshots_default.png,dpr_2.0,f_auto,g_face:center,h_350,q_auto,w_280/headshots_22046.png"
Davis Love III,"https://pga-tour-res.cloudinary.com/image/upload/c_fill,d_headshots_default.png,dpr_2.0,f_auto,g_face:center,h_350,q_auto,w_280/headshots_01706.png"
Sean O'Hair,"https://pga-tour-res.cloudinary.com/image/upload/c_fill,d_headshots_default.png,dpr_2.0,f_auto,g_face:center,h_350,q_auto,w_280/headshots_24140.png"
Justin Leonard,"https://pga-tour-res.cloudinary.com/image/upload/c_fill,d_headshots_default.png,dpr_2.0,f_auto,g_face:center,h_350,q_auto,w_280/headshots_10860.png"
Ernie Els,"https://pga-tour-res.cloudinary.com/image/upload/c_fill,d_headshots_default.png,dpr_2.0,f_auto,g_face:center,h_350,q_auto,w_280/headshots_06522.png"
Kenny Perry,"https://pga-tour-res.cloudinary.com/image/upload/c_fill,d_headshots_default.png,dpr_2.0,f_auto,g_face:center,h_350,q_auto,w_280/headshots_01945.png"
D.J. Trahan,"https://pga-tour-res.cloudinary.com/image/upload/c_fill,d_headshots_default.png,dpr_2.0,f_auto,g_face:center,h_350,q_auto,w_280/headshots_23788.png"
Zach Johnson,"https://pga-tour-res.cloudinary.com/image/upload/c_fill,d_headshots_default.png,dpr_2.0,f_auto,g_face:center,h_350,q_auto,w_280/headshots_24024.png"
Johnson Wagner,"https://pga-tour-res.cloudinary.com/image/upload/c_fill,d_headshots_default.png,dpr_2.0,f_auto,g_face:center,h_350,q_auto,w_280/headshots_26951.png"
Dustin Johnson,"https://pga-tour-res.cloudinary.com/image/upload/c_fill,d_headshots_default.png,dpr_2.0,f_auto,g_face:center,h_350,q_auto,w_280/headshots_30925.png"
Camilo Villegas,"https://pga-tour-res.cloudinary.com/image/upload/c_fill,d_headshots_default.png,dpr_2.0,f_auto,g_face:center,h_350,q_auto,w_280/headshots_27770.png"
Will MacKenzie,"https://pga-tour-res.cloudinary.com/image/upload/c_fill,d_headshots_default.png,dpr_2.0,f_auto,g_face:center,h_350,q_auto,w_280/headshots_24912.png"
Chez Reavie,"https://pga-tour-res.cloudinary.com/image/upload/c_fill,d_headshots_default.png,dpr_2.0,f_auto,g_face:center,h_350,q_auto,w_280/headshots_26476.png"
K.J. Choi,"https://pga-tour-res.cloudinary.com/image/upload/c_fill,d_headshots_default.png,dpr_2.0,f_auto,g_face:center,h_350,q_auto,w_280/headshots_24357.png"
Boo Weekley,"https://pga-tour-res.cloudinary.com/image/upload/c_fill,d_headshots_default.png,dpr_2.0,f_auto,g_face:center,h_350,q_auto,w_280/headshots_26289.png"
Carl Pettersson,"https://pga-tour-res.cloudinary.com/image/upload/c_fill,d_headshots_default.png,dpr_2.0,f_auto,g_face:center,h_350,q_auto,w_280/headshots_25345.png"
Brian Gay,"https://pga-tour-res.cloudinary.com/image/upload/c_fill,d_headshots_default.png,dpr_2.0,f_auto,g_face:center,h_350,q_auto,w_280/headshots_19846.png"
Adam Scott,"https://pga-tour-res.cloudinary.com/image/upload/c_fill,d_headshots_default.png,dpr_2.0,f_auto,g_face:center,h_350,q_auto,w_280/headshots_24502.png"
Trevor Immelman,"https://pga-tour-res.cloudinary.com/image/upload/c_fill,d_headshots_default.png,dpr_2.0,f_auto,g_face:center,h_350,q_auto,w_280/headshots_22378.png"
Cameron Beckman,"https://pga-tour-res.cloudinary.com/image/upload/c_fill,d_headshots_default.png,dpr_2.0,f_auto,g_face:center,h_350,q_auto,w_280/headshots_12652.png"
Stewart Cink,"https://pga-tour-res.cloudinary.com/image/upload/c_fill,d_headshots_default.png,dpr_2.0,f_auto,g_face:center,h_350,q_auto,w_280/headshots_20229.png"
Steve Lowery,"https://pga-tour-res.cloudinary.com/image/upload/c_fill,d_headshots_default.png,dpr_2.0,f_auto,g_face:center,h_350,q_auto,w_280/headshots_01707.png"
Parker McLachlin,"https://pga-tour-res.cloudinary.com/image/upload/c_fill,d_headshots_default.png,dpr_2.0,f_auto,g_face:center,h_350,q_auto,w_280/headshots_24449.png"
Vijay Singh,"https://pga-tour-res.cloudinary.com/image/upload/c_fill,d_headshots_default.png,dpr_2.0,f_auto,g_face:center,h_350,q_auto,w_280/headshots_06567.png"
Daniel Chopra,"https://pga-tour-res.cloudinary.com/image/upload/c_fill,d_headshots_default.png,dpr_2.0,f_auto,g_face:center,h_350,q_auto,w_280/headshots_20850.png"
J.B. Holmes,"https://pga-tour-res.cloudinary.com/image/upload/c_fill,d_headshots_default.png,dpr_2.0,f_auto,g_face:center,h_350,q_auto,w_280/headshots_27141.png"
Ryan Palmer,"https://pga-tour-res.cloudinary.com/image/upload/c_fill,d_headshots_default.png,dpr_2.0,f_auto,g_face:center,h_350,q_auto,w_280/headshots_23320.png"
Andres Romero,"https://pga-tour-res.cloudinary.com/image/upload/c_fill,d_headshots_default.png,dpr_2.0,f_auto,g_face:center,h_350,q_auto,w_280/headshots_25562.png"
Marc Turnesa,"https://pga-tour-res.cloudinary.com/image/upload/c_fill,d_headshots_default.png,dpr_2.0,f_auto,g_face:center,h_350,q_auto,w_280/headshots_26668.png"
Tiger Woods,"https://pga-tour-res.cloudinary.com/image/upload/c_fill,d_headshots_default.png,dpr_2.0,f_auto,g_face:center,h_350,q_auto,w_280/headshots_08793.png"
David Toms,"https://pga-tour-res.cloudinary.com/image/upload/c_fill,d_headshots_default.png,dpr_2.0,f_auto,g_face:center,h_350,q_auto,w_280/headshots_02206.png"
Charles Howell III,"https://pga-tour-res.cloudinary.com/image/upload/c_fill,d_headshots_default.png,dpr_2.0,f_auto,g_face:center,h_350,q_auto,w_280/headshots_21961.png"
Kevin Na,"https://pga-tour-res.cloudinary.com/image/upload/c_fill,d_headshots_default.png,dpr_2.0,f_auto,g_face:center,h_350,q_auto,w_280/headshots_25396.png"
George McNeill,"https://pga-tour-res.cloudinary.com/image/upload/c_fill,d_headshots_default.png,dpr_2.0,f_auto,g_face:center,h_350,q_auto,w_280/headshots_24490.png"
Steve Marino,"https://pga-tour-res.cloudinary.com/image/upload/c_fill,d_headshots_default.png,dpr_2.0,f_auto,g_face:center,h_350,q_auto,w_280/headshots_28158.png"
Bill Haas,"https://pga-tour-res.cloudinary.com/image/upload/c_fill,d_headshots_default.png,dpr_2.0,f_auto,g_face:center,h_350,q_auto,w_280/headshots_24924.png"
Webb Simpson,"https://pga-tour-res.cloudinary.com/image/upload/c_fill,d_headshots_default.png,dpr_2.0,f_auto,g_face:center,h_350,q_auto,w_280/headshots_29221.png"
Tim Clark,"https://pga-tour-res.cloudinary.com/image/upload/c_fill,d_headshots_default.png,dpr_2.0,f_auto,g_face:center,h_350,q_auto,w_280/headshots_23135.png"
Bob Estes,"https://pga-tour-res.cloudinary.com/image/upload/c_fill,d_headshots_default.png,dpr_2.0,f_auto,g_face:center,h_350,q_auto,w_280/headshots_01320.png"
Tim Herron,"https://pga-tour-res.cloudinary.com/image/upload/c_fill,d_headshots_default.png,dpr_2.0,f_auto,g_face:center,h_350,q_auto,w_280/headshots_12782.png"
Rory Sabbatini,"https://pga-tour-res.cloudinary.com/image/upload/c_fill,d_headshots_default.png,dpr_2.0,f_auto,g_face:center,h_350,q_auto,w_280/headshots_23621.png"
Scott Piercy,"https://pga-tour-res.cloudinary.com/image/upload/c_fill,d_headshots_default.png,dpr_2.0,f_auto,g_face:center,h_350,q_auto,w_280/headshots_25818.png"
Marc Leishman,"https://pga-tour-res.cloudinary.com/image/upload/c_fill,d_headshots_default.png,dpr_2.0,f_auto,g_face:center,h_350,q_auto,w_280/headshots_26851.png"
Jerry Kelly,"https://pga-tour-res.cloudinary.com/image/upload/c_fill,d_headshots_default.png,dpr_2.0,f_auto,g_face:center,h_350,q_auto,w_280/headshots_08075.png"
Steve Stricker,"https://pga-tour-res.cloudinary.com/image/upload/c_fill,d_headshots_default.png,dpr_2.0,f_auto,g_face:center,h_350,q_auto,w_280/headshots_06527.png"
Luke Donald,"https://pga-tour-res.cloudinary.com/image/upload/c_fill,d_headshots_default.png,dpr_2.0,f_auto,g_face:center,h_350,q_auto,w_280/headshots_23983.png"
Troy Matteson,"https://pga-tour-res.cloudinary.com/image/upload/c_fill,d_headshots_default.png,dpr_2.0,f_auto,g_face:center,h_350,q_auto,w_280/headshots_27120.png"
Jimmy Walker,"https://pga-tour-res.cloudinary.com/image/upload/c_fill,d_headshots_default.png,dpr_2.0,f_auto,g_face:center,h_350,q_auto,w_280/headshots_25632.png"
Greg Owen,"https://pga-tour-res.cloudinary.com/image/upload/c_fill,d_headshots_default.png,dpr_2.0,f_auto,g_face:center,h_350,q_auto,w_280/headshots_20691.png"
Hideto Tanihara,"https://pga-tour-res.cloudinary.com/image/upload/c_fill,d_headshots_default.png,dpr_2.0,f_auto,g_face:center,h_350,q_auto,w_280/headshots_21498.png"
Brendon Todd,"https://pga-tour-res.cloudinary.com/image/upload/c_fill,d_headshots_default.png,dpr_2.0,f_auto,g_face:center,h_350,q_auto,w_280/headshots_30927.png"
Glen Day,"https://pga-tour-res.cloudinary.com/image/upload/c_fill,d_headshots_default.png,dpr_2.0,f_auto,g_face:center,h_350,q_auto,w_280/headshots_08931.png"
Brian Davis,"https://pga-tour-res.cloudinary.com/image/upload/c_fill,d_headshots_default.png,dpr_2.0,f_auto,g_face:center,h_350,q_auto,w_280/headshots_21753.png"
Chris Stroud,"https://pga-tour-res.cloudinary.com/image/upload/c_fill,d_headshots_default.png,dpr_2.0,f_auto,g_face:center,h_350,q_auto,w_280/headshots_27963.png"
Harrison Frazar,"https://pga-tour-res.cloudinary.com/image/upload/c_fill,d_headshots_default.png,dpr_2.0,f_auto,g_face:center,h_350,q_auto,w_280/headshots_21805.png"
Alex Cejka,"https://pga-tour-res.cloudinary.com/image/upload/c_fill,d_headshots_default.png,dpr_2.0,f_auto,g_face:center,h_350,q_auto,w_280/headshots_20472.png"
Ted Purdy,"https://pga-tour-res.cloudinary.com/image/upload/c_fill,d_headshots_default.png,dpr_2.0,f_auto,g_face:center,h_350,q_auto,w_280/headshots_21959.png"
Tim Wilkinson,"https://pga-tour-res.cloudinary.com/image/upload/c_fill,d_headshots_default.png,dpr_2.0,f_auto,g_face:center,h_350,q_auto,w_280/headshots_25349.png"
Kevin Streelman,"https://pga-tour-res.cloudinary.com/image/upload/c_fill,d_headshots_default.png,dpr_2.0,f_auto,g_face:center,h_350,q_auto,w_280/headshots_27214.png"
Tommy Gainey,"https://pga-tour-res.cloudinary.com/image/upload/c_fill,d_headshots_default.png,dpr_2.0,f_auto,g_face:center,h_350,q_auto,w_280/headshots_30750.png"
Matt Bettencourt,"https://pga-tour-res.cloudinary.com/image/upload/c_fill,d_headshots_default.png,dpr_2.0,f_auto,g_face:center,h_350,q_auto,w_280/headshots_20070.png"
Arjun Atwal,"https://pga-tour-res.cloudinary.com/image/upload/c_fill,d_headshots_default.png,dpr_2.0,f_auto,g_face:center,h_350,q_auto,w_280/headshots_21407.png"
Troy Kelly,"https://pga-tour-res.cloudinary.com/image/upload/c_fill,d_headshots_default.png,dpr_2.0,f_auto,g_face:center,h_350,q_auto,w_280/headshots_28308.png"
John Merrick,"https://pga-tour-res.cloudinary.com/image/upload/c_fill,d_headshots_default.png,dpr_2.0,f_auto,g_face:center,h_350,q_auto,w_280/headshots_27933.png"
Jarrod Lyle,"https://pga-tour-res.cloudinary.com/image/upload/c_fill,d_headshots_default.png,dpr_2.0,f_auto,g_face:center,h_350,q_auto,w_280/headshots_26881.png"
Jeff Overton,"https://pga-tour-res.cloudinary.com/image/upload/c_fill,d_headshots_default.png,dpr_2.0,f_auto,g_face:center,h_350,q_auto,w_280/headshots_28475.png"
Spencer Levin,"https://pga-tour-res.cloudinary.com/image/upload/c_fill,d_headshots_default.png,dpr_2.0,f_auto,g_face:center,h_350,q_auto,w_280/headshots_27466.png"
Tim Petrovic,"https://pga-tour-res.cloudinary.com/image/upload/c_fill,d_headshots_default.png,dpr_2.0,f_auto,g_face:center,h_350,q_auto,w_280/headshots_01948.png"
Tag Ridings,"https://pga-tour-res.cloudinary.com/image/upload/c_fill,d_headshots_default.png,dpr_2.0,f_auto,g_face:center,h_350,q_auto,w_280/headshots_23497.png"
D.A. Points,"https://pga-tour-res.cloudinary.com/image/upload/c_fill,d_headshots_default.png,dpr_2.0,f_auto,g_face:center,h_350,q_auto,w_280/headshots_25240.png"
Peter Lonard,"https://pga-tour-res.cloudinary.com/image/upload/c_fill,d_headshots_default.png,dpr_2.0,f_auto,g_face:center,h_350,q_auto,w_280/headshots_20634.png"
Billy Mayfair,"https://pga-tour-res.cloudinary.com/image/upload/c_fill,d_headshots_default.png,dpr_2.0,f_auto,g_face:center,h_350,q_auto,w_280/headshots_01766.png"
John Senden,"https://pga-tour-res.cloudinary.com/image/upload/c_fill,d_headshots_default.png,dpr_2.0,f_auto,g_face:center,h_350,q_auto,w_280/headshots_20645.png"
Bubba Watson,"https://pga-tour-res.cloudinary.com/image/upload/c_fill,d_headshots_default.png,dpr_2.0,f_auto,g_face:center,h_350,q_auto,w_280/headshots_25804.png"
Vaughn Taylor,"https://pga-tour-res.cloudinary.com/image/upload/c_fill,d_headshots_default.png,dpr_2.0,f_auto,g_face:center,h_350,q_auto,w_280/headshots_23325.png"
Brendon de Jonge,"https://pga-tour-res.cloudinary.com/image/upload/c_fill,d_headshots_default.png,dpr_2.0,f_auto,g_face:center,h_350,q_auto,w_280/headshots_23638.png"
Derek Fathauer,"https://pga-tour-res.cloudinary.com/image/upload/c_fill,d_headshots_default.png,dpr_2.0,f_auto,g_face:center,h_350,q_auto,w_280/headshots_31416.png"
Pat Perez,"https://pga-tour-res.cloudinary.com/image/upload/c_fill,d_headshots_default.png,dpr_2.0,f_auto,g_face:center,h_350,q_auto,w_280/headshots_24361.png"
Paul Goydos,"https://pga-tour-res.cloudinary.com/image/upload/c_fill,d_headshots_default.png,dpr_2.0,f_auto,g_face:center,h_350,q_auto,w_280/headshots_06643.png"
Chris Couch,"https://pga-tour-res.cloudinary.com/image/upload/c_fill,d_headshots_default.png,dpr_2.0,f_auto,g_face:center,h_350,q_auto,w_280/headshots_11123.png"
Gary Woodland,"https://pga-tour-res.cloudinary.com/image/upload/c_fill,d_headshots_default.png,dpr_2.0,f_auto,g_face:center,h_350,q_auto,w_280/headshots_31323.png"
Hiroshi Iwata,"https://pga-tour-res.cloudinary.com/image/upload/c_fill,d_headshots_default.png,dpr_2.0,f_auto,g_face:center,h_350,q_auto,w_280/headshots_27747.png"
Jason Dufner,"https://pga-tour-res.cloudinary.com/image/upload/c_fill,d_headshots_default.png,dpr_2.0,f_auto,g_face:center,h_350,q_auto,w_280/headshots_25686.png"
Mark Wilson,"https://pga-tour-res.cloudinary.com/image/upload/c_fill,d_headshots_default.png,dpr_2.0,f_auto,g_face:center,h_350,q_auto,w_280/headshots_21878.png"
Robert Garrigus,"https://pga-tour-res.cloudinary.com/image/upload/c_fill,d_headshots_default.png,dpr_2.0,f_auto,g_face:center,h_350,q_auto,w_280/headshots_24358.png"
Heath Slocum,"https://pga-tour-res.cloudinary.com/image/upload/c_fill,d_headshots_default.png,dpr_2.0,f_auto,g_face:center,h_350,q_auto,w_280/headshots_22293.png"
Colt Knost,"https://pga-tour-res.cloudinary.com/image/upload/c_fill,d_headshots_default.png,dpr_2.0,f_auto,g_face:center,h_350,q_auto,w_280/headshots_30711.png"
Greg Chalmers,"https://pga-tour-res.cloudinary.com/image/upload/c_fill,d_headshots_default.png,dpr_2.0,f_auto,g_face:center,h_350,q_auto,w_280/headshots_20593.png"
Matt Kuchar,"https://pga-tour-res.cloudinary.com/image/upload/c_fill,d_headshots_default.png,dpr_2.0,f_auto,g_face:center,h_350,q_auto,w_280/headshots_23108.png"
Bill Lunde,"https://pga-tour-res.cloudinary.com/image/upload/c_fill,d_headshots_default.png,dpr_2.0,f_auto,g_face:center,h_350,q_auto,w_280/headshots_23548.png"
Sangmoon Bae,"https://pga-tour-res.cloudinary.com/image/upload/c_fill,d_headshots_default.png,dpr_2.0,f_auto,g_face:center,h_350,q_auto,w_280/headshots_28259.png"
Rich Beem,"https://pga-tour-res.cloudinary.com/image/upload/c_fill,d_headshots_default.png,dpr_2.0,f_auto,g_face:center,h_350,q_auto,w_280/headshots_23614.png"
Bo Van Pelt,"https://pga-tour-res.cloudinary.com/image/upload/c_fill,d_headshots_default.png,dpr_2.0,f_auto,g_face:center,h_350,q_auto,w_280/headshots_23623.png"
Kris Blanks,"https://pga-tour-res.cloudinary.com/image/upload/c_fill,d_headshots_default.png,dpr_2.0,f_auto,g_face:center,h_350,q_auto,w_280/headshots_28087.png"
Ricky Barnes,"https://pga-tour-res.cloudinary.com/image/upload/c_fill,d_headshots_default.png,dpr_2.0,f_auto,g_face:center,h_350,q_auto,w_280/headshots_24846.png"
Nicholas Thompson,"https://pga-tour-res.cloudinary.com/image/upload/c_fill,d_headshots_default.png,dpr_2.0,f_auto,g_face:center,h_350,q_auto,w_280/headshots_28780.png"
Martin Laird,"https://pga-tour-res.cloudinary.com/image/upload/c_fill,d_headshots_default.png,dpr_2.0,f_auto,g_face:center,h_350,q_auto,w_280/headshots_27936.png"
Eric Axley,"https://pga-tour-res.cloudinary.com/image/upload/c_fill,d_headshots_default.png,dpr_2.0,f_auto,g_face:center,h_350,q_auto,w_280/headshots_23048.png"
Tyler Aldridge,"https://pga-tour-res.cloudinary.com/image/upload/c_fill,d_headshots_default.png,dpr_2.0,f_auto,g_face:center,h_350,q_auto,w_280/headshots_29745.png"
Darron Stiles,"https://pga-tour-res.cloudinary.com/image/upload/c_fill,d_headshots_default.png,dpr_2.0,f_auto,g_face:center,h_350,q_auto,w_280/headshots_22295.png"
Mike Weir,"https://pga-tour-res.cloudinary.com/image/upload/c_fill,d_headshots_default.png,dpr_2.0,f_auto,g_face:center,h_350,q_auto,w_280/headshots_10423.png"
Stephen Ames,"https://pga-tour-res.cloudinary.com/image/upload/c_fill,d_headshots_default.png,dpr_2.0,f_auto,g_face:center,h_350,q_auto,w_280/headshots_06004.png"
Chad Campbell,"https://pga-tour-res.cloudinary.com/image/upload/c_fill,d_headshots_default.png,dpr_2.0,f_auto,g_face:center,h_350,q_auto,w_280/headshots_12510.png"
Charley Hoffman,"https://pga-tour-res.cloudinary.com/image/upload/c_fill,d_headshots_default.png,dpr_2.0,f_auto,g_face:center,h_350,q_auto,w_280/headshots_12716.png"
Lucas Glover,"https://pga-tour-res.cloudinary.com/image/upload/c_fill,d_headshots_default.png,dpr_2.0,f_auto,g_face:center,h_350,q_auto,w_280/headshots_25900.png"
Nick Watney,"https://pga-tour-res.cloudinary.com/image/upload/c_fill,d_headshots_default.png,dpr_2.0,f_auto,g_face:center,h_350,q_auto,w_280/headshots_27095.png"
Scott McCarron,"https://pga-tour-res.cloudinary.com/image/upload/c_fill,d_headshots_default.png,dpr_2.0,f_auto,g_face:center,h_350,q_auto,w_280/headshots_10585.png"
Charlie Wi,"https://pga-tour-res.cloudinary.com/image/upload/c_fill,d_headshots_default.png,dpr_2.0,f_auto,g_face:center,h_350,q_auto,w_280/headshots_20160.png"
Woody Austin,"https://pga-tour-res.cloudinary.com/image/upload/c_fill,d_headshots_default.png,dpr_2.0,f_auto,g_face:center,h_350,q_auto,w_280/headshots_07867.png"
Ken Duke,"https://pga-tour-res.cloudinary.com/image/upload/c_fill,d_headshots_default.png,dpr_2.0,f_auto,g_face:center,h_350,q_auto,w_280/headshots_20104.png"
Ben Crane,"https://pga-tour-res.cloudinary.com/image/upload/c_fill,d_headshots_default.png,dpr_2.0,f_auto,g_face:center,h_350,q_auto,w_280/headshots_23541.png"
Jason Bohn,"https://pga-tour-res.cloudinary.com/image/upload/c_fill,d_headshots_default.png,dpr_2.0,f_auto,g_face:center,h_350,q_auto,w_280/headshots_24507.png"
Fred Couples,"https://pga-tour-res.cloudinary.com/image/upload/c_fill,d_headshots_default.png,dpr_2.0,f_auto,g_face:center,h_350,q_auto,w_280/headshots_01226.png"
David Duval,"https://pga-tour-res.cloudinary.com/image/upload/c_fill,d_headshots_default.png,dpr_2.0,f_auto,g_face:center,h_350,q_auto,w_280/headshots_09011.png"
Steve Flesch,"https://pga-tour-res.cloudinary.com/image/upload/c_fill,d_headshots_default.png,dpr_2.0,f_auto,g_face:center,h_350,q_auto,w_280/headshots_07457.png"
Jonathan Byrd,"https://pga-tour-res.cloudinary.com/image/upload/c_fill,d_headshots_default.png,dpr_2.0,f_auto,g_face:center,h_350,q_auto,w_280/headshots_24925.png"
Olin Browne,"https://pga-tour-res.cloudinary.com/image/upload/c_fill,d_headshots_default.png,dpr_2.0,f_auto,g_face:center,h_350,q_auto,w_280/headshots_01139.png"
Lee Janzen,"https://pga-tour-res.cloudinary.com/image/upload/c_fill,d_headshots_default.png,dpr_2.0,f_auto,g_face:center,h_350,q_auto,w_280/headshots_01577.png"
Scott Verplank,"https://pga-tour-res.cloudinary.com/image/upload/c_fill,d_headshots_default.png,dpr_2.0,f_auto,g_face:center,h_350,q_auto,w_280/headshots_02239.png"
Jason Gore,"https://pga-tour-res.cloudinary.com/image/upload/c_fill,d_headshots_default.png,dpr_2.0,f_auto,g_face:center,h_350,q_auto,w_280/headshots_22892.png"
John Rollins,"https://pga-tour-res.cloudinary.com/image/upload/c_fill,d_headshots_default.png,dpr_2.0,f_auto,g_face:center,h_350,q_auto,w_280/headshots_22913.png"
Ryan Moore,"https://pga-tour-res.cloudinary.com/image/upload/c_fill,d_headshots_default.png,dpr_2.0,f_auto,g_face:center,h_350,q_auto,w_280/headshots_26596.png"
Rod Pampling,"https://pga-tour-res.cloudinary.com/image/upload/c_fill,d_headshots_default.png,dpr_2.0,f_auto,g_face:center,h_350,q_auto,w_280/headshots_20572.png"
J.J. Henry,"https://pga-tour-res.cloudinary.com/image/upload/c_fill,d_headshots_default.png,dpr_2.0,f_auto,g_face:center,h_350,q_auto,w_280/headshots_23353.png"
Brandt Jobe,"https://pga-tour-res.cloudinary.com/image/upload/c_fill,d_headshots_default.png,dpr_2.0,f_auto,g_face:center,h_350,q_auto,w_280/headshots_06573.png"
Jonathan Kaye,"https://pga-tour-res.cloudinary.com/image/upload/c_fill,d_headshots_default.png,dpr_2.0,f_auto,g_face:center,h_350,q_auto,w_280/headshots_20094.png"
Aaron Baddeley,"https://pga-tour-res.cloudinary.com/image/upload/c_fill,d_headshots_default.png,dpr_2.0,f_auto,g_face:center,h_350,q_auto,w_280/headshots_22371.png"
Rocco Mediate,"https://pga-tour-res.cloudinary.com/image/upload/c_fill,d_headshots_default.png,dpr_2.0,f_auto,g_face:center,h_350,q_auto,w_280/headshots_01797.png"
Hunter Mahan,"https://pga-tour-res.cloudinary.com/image/upload/c_fill,d_headshots_default.png,dpr_2.0,f_auto,g_face:center,h_350,q_auto,w_280/headshots_24781.png"
Dudley Hart,"https://pga-tour-res.cloudinary.com/image/upload/c_fill,d_headshots_default.png,dpr_2.0,f_auto,g_face:center,h_350,q_auto,w_280/headshots_06575.png"
Freddie Jacobson,"https://pga-tour-res.cloudinary.com/image/upload/c_fill,d_headshots_default.png,dpr_2.0,f_auto,g_face:center,h_350,q_auto,w_280/headshots_21731.png"
Rickie Fowler,"https://pga-tour-res.cloudinary.com/image/upload/c_fill,d_headshots_default.png,dpr_2.0,f_auto,g_face:center,h_350,q_auto,w_280/headshots_32102.png"
Ben Curtis,"https://pga-tour-res.cloudinary.com/image/upload/c_fill,d_headshots_default.png,dpr_2.0,f_auto,g_face:center,h_350,q_auto,w_280/headshots_22621.png"
Brandt Snedeker,"https://pga-tour-res.cloudinary.com/image/upload/c_fill,d_headshots_default.png,dpr_2.0,f_auto,g_face:center,h_350,q_auto,w_280/headshots_27649.png"
Tom Lehman,"https://pga-tour-res.cloudinary.com/image/upload/c_fill,d_headshots_default.png,dpr_2.0,f_auto,g_face:center,h_350,q_auto,w_280/headshots_01677.png"
Stuart Appleby,"https://pga-tour-res.cloudinary.com/image/upload/c_fill,d_headshots_default.png,dpr_2.0,f_auto,g_face:center,h_350,q_auto,w_280/headshots_20098.png"
Phil Mickelson,"https://pga-tour-res.cloudinary.com/image/upload/c_fill,d_headshots_default.png,dpr_2.0,f_auto,g_face:center,h_350,q_auto,w_280/headshots_01810.png"
Matt Jones,"https://pga-tour-res.cloudinary.com/image/upload/c_fill,d_headshots_default.png,dpr_2.0,f_auto,g_face:center,h_350,q_auto,w_280/headshots_26300.png"
Padraig Harrington,"https://pga-tour-res.cloudinary.com/image/upload/c_fill,d_headshots_default.png,dpr_2.0,f_auto,g_face:center,h_350,q_auto,w_280/headshots_20766.png"
Retief Goosen,"https://pga-tour-res.cloudinary.com/image/upload/c_fill,d_headshots_default.png,dpr_2.0,f_auto,g_face:center,h_350,q_auto,w_280/headshots_20157.png"
Jason Day,"https://pga-tour-res.cloudinary.com/image/upload/c_fill,d_headshots_default.png,dpr_2.0,f_auto,g_face:center,h_350,q_auto,w_280/headshots_28089.png"
Y.E. Yang,"https://pga-tour-res.cloudinary.com/image/upload/c_fill,d_headshots_default.png,dpr_2.0,f_auto,g_face:center,h_350,q_auto,w_280/headshots_24663.png"
Kent Jones,"https://pga-tour-res.cloudinary.com/image/upload/c_fill,d_headshots_default.png,dpr_2.0,f_auto,g_face:center,h_350,q_auto,w_280/headshots_10733.png"
Chris Riley,"https://pga-tour-res.cloudinary.com/image/upload/c_fill,d_headshots_default.png,dpr_2.0,f_auto,g_face:center,h_350,q_auto,w_280/headshots_20127.png"
Bryce Molder,"https://pga-tour-res.cloudinary.com/image/upload/c_fill,d_headshots_default.png,dpr_2.0,f_auto,g_face:center,h_350,q_auto,w_280/headshots_23800.png"
Kevin Stadler,"https://pga-tour-res.cloudinary.com/image/upload/c_fill,d_headshots_default.png,dpr_2.0,f_auto,g_face:center,h_350,q_auto,w_280/headshots_26679.png"
Marco Dawson,"https://pga-tour-res.cloudinary.com/image/upload/c_fill,d_headshots_default.png,dpr_2.0,f_auto,g_face:center,h_350,q_auto,w_280/headshots_06034.png"
Kevin Chappell,"https://pga-tour-res.cloudinary.com/image/upload/c_fill,d_headshots_default.png,dpr_2.0,f_auto,g_face:center,h_350,q_auto,w_280/headshots_32366.png"
Len Mattiace,"https://pga-tour-res.cloudinary.com/image/upload/c_fill,d_headshots_default.png,dpr_2.0,f_auto,g_face:center,h_350,q_auto,w_280/headshots_01761.png"
Jim Furyk,"https://pga-tour-res.cloudinary.com/image/upload/c_fill,d_headshots_default.png,dpr_2.0,f_auto,g_face:center,h_350,q_auto,w_280/headshots_10809.png"
Chris Smith,"https://pga-tour-res.cloudinary.com/image/upload/c_fill,d_headshots_default.png,dpr_2.0,f_auto,g_face:center,h_350,q_auto,w_280/headshots_02106.png"
Chris Kirk,"https://pga-tour-res.cloudinary.com/image/upload/c_fill,d_headshots_default.png,dpr_2.0,f_auto,g_face:center,h_350,q_auto,w_280/headshots_30926.png"
Garrett Willis,"https://pga-tour-res.cloudinary.com/image/upload/c_fill,d_headshots_default.png,dpr_2.0,f_auto,g_face:center,h_350,q_auto,w_280/headshots_20436.png"
Omar Uresti,"https://pga-tour-res.cloudinary.com/image/upload/c_fill,d_headshots_default.png,dpr_2.0,f_auto,g_face:center,h_350,q_auto,w_280/headshots_08385.png"
Craig Barlow,"https://pga-tour-res.cloudinary.com/image/upload/c_fill,d_headshots_default.png,dpr_2.0,f_auto,g_face:center,h_350,q_auto,w_280/headshots_19824.png"
Michael Thompson,"https://pga-tour-res.cloudinary.com/image/upload/c_fill,d_headshots_default.png,dpr_2.0,f_auto,g_face:center,h_350,q_auto,w_280/headshots_32150.png"
Kyle Thompson,"https://pga-tour-res.cloudinary.com/image/upload/c_fill,d_headshots_default.png,dpr_2.0,f_auto,g_face:center,h_350,q_auto,w_280/headshots_22582.png"
Dicky Pride,"https://pga-tour-res.cloudinary.com/image/upload/c_fill,d_headshots_default.png,dpr_2.0,f_auto,g_face:center,h_350,q_auto,w_280/headshots_10213.png"
Robert Allenby,"https://pga-tour-res.cloudinary.com/image/upload/c_fill,d_headshots_default.png,dpr_2.0,f_auto,g_face:center,h_350,q_auto,w_280/headshots_10885.png"
Graeme McDowell,"https://pga-tour-res.cloudinary.com/image/upload/c_fill,d_headshots_default.png,dpr_2.0,f_auto,g_face:center,h_350,q_auto,w_280/headshots_25572.png"
Ryo Ishikawa,"https://pga-tour-res.cloudinary.com/image/upload/c_fill,d_headshots_default.png,dpr_2.0,f_auto,g_face:center,h_350,q_auto,w_280/headshots_30852.png"
Sergio Garcia,"https://pga-tour-res.cloudinary.com/image/upload/c_fill,d_headshots_default.png,dpr_2.0,f_auto,g_face:center,h_350,q_auto,w_280/headshots_21209.png"
Rory McIlroy,"https://pga-tour-res.cloudinary.com/image/upload/c_fill,d_headshots_default.png,dpr_2.0,f_auto,g_face:center,h_350,q_auto,w_280/headshots_28237.png"
Darren Clarke,"https://pga-tour-res.cloudinary.com/image/upload/c_fill,d_headshots_default.png,dpr_2.0,f_auto,g_face:center,h_350,q_auto,w_280/headshots_19825.png"
Erik Compton,"https://pga-tour-res.cloudinary.com/image/upload/c_fill,d_headshots_default.png,dpr_2.0,f_auto,g_face:center,h_350,q_auto,w_280/headshots_24494.png"
Shaun Micheel,"https://pga-tour-res.cloudinary.com/image/upload/c_fill,d_headshots_default.png,dpr_2.0,f_auto,g_face:center,h_350,q_auto,w_280/headshots_06515.png"
Justin Rose,"https://pga-tour-res.cloudinary.com/image/upload/c_fill,d_headshots_default.png,dpr_2.0,f_auto,g_face:center,h_350,q_auto,w_280/headshots_22405.png"
Thomas Aiken,"https://pga-tour-res.cloudinary.com/image/upload/c_fill,d_headshots_default.png,dpr_2.0,f_auto,g_face:center,h_350,q_auto,w_280/headshots_24461.png"
Ian Poulter,"https://pga-tour-res.cloudinary.com/image/upload/c_fill,d_headshots_default.png,dpr_2.0,f_auto,g_face:center,h_350,q_auto,w_280/headshots_24138.png"
Louis Oosthuizen,"https://pga-tour-res.cloudinary.com/image/upload/c_fill,d_headshots_default.png,dpr_2.0,f_auto,g_face:center,h_350,q_auto,w_280/headshots_26329.png"
Paul Casey,"https://pga-tour-res.cloudinary.com/image/upload/c_fill,d_headshots_default.png,dpr_2.0,f_auto,g_face:center,h_350,q_auto,w_280/headshots_25364.png"
Martin Kaymer,"https://pga-tour-res.cloudinary.com/image/upload/c_fill,d_headshots_default.png,dpr_2.0,f_auto,g_face:center,h_350,q_auto,w_280/headshots_27408.png"
Ross Fisher,"https://pga-tour-res.cloudinary.com/image/upload/c_fill,d_headshots_default.png,dpr_2.0,f_auto,g_face:center,h_350,q_auto,w_280/headshots_27896.png"
Lee Westwood,"https://pga-tour-res.cloudinary.com/image/upload/c_fill,d_headshots_default.png,dpr_2.0,f_auto,g_face:center,h_350,q_auto,w_280/headshots_20396.png"
Richard Sterne,"https://pga-tour-res.cloudinary.com/image/upload/c_fill,d_headshots_default.png,dpr_2.0,f_auto,g_face:center,h_350,q_auto,w_280/headshots_24459.png"
Henrik Stenson,"https://pga-tour-res.cloudinary.com/image/upload/c_fill,d_headshots_default.png,dpr_2.0,f_auto,g_face:center,h_350,q_auto,w_280/headshots_21528.png"
Fred Funk,"https://pga-tour-res.cloudinary.com/image/upload/c_fill,d_headshots_default.png,dpr_2.0,f_auto,g_face:center,h_350,q_auto,w_280/headshots_01381.png"
Kyle Stanley,"https://pga-tour-res.cloudinary.com/image/upload/c_fill,d_headshots_default.png,dpr_2.0,f_auto,g_face:center,h_350,q_auto,w_280/headshots_30110.png"
Michael Bradley,"https://pga-tour-res.cloudinary.com/image/upload/c_fill,d_headshots_default.png,dpr_2.0,f_auto,g_face:center,h_350,q_auto,w_280/headshots_01116.png"
Larry Mize,"https://pga-tour-res.cloudinary.com/image/upload/c_fill,d_headshots_default.png,dpr_2.0,f_auto,g_face:center,h_350,q_auto,w_280/headshots_01823.png"
Bernhard Langer,"https://pga-tour-res.cloudinary.com/image/upload/c_fill,d_headshots_default.png,dpr_2.0,f_auto,g_face:center,h_350,q_auto,w_280/headshots_01666.png"
Mark O'Meara,"https://pga-tour-res.cloudinary.com/image/upload/c_fill,d_headshots_default.png,dpr_2.0,f_auto,g_face:center,h_350,q_auto,w_280/headshots_01887.png"
Danny Lee,"https://pga-tour-res.cloudinary.com/image/upload/c_fill,d_headshots_default.png,dpr_2.0,f_auto,g_face:center,h_350,q_auto,w_280/headshots_29926.png"
Tom Watson,"https://pga-tour-res.cloudinary.com/image/upload/c_fill,d_headshots_default.png,dpr_2.0,f_auto,g_face:center,h_350,q_auto,w_280/headshots_02256.png"
Mark Anderson,"https://pga-tour-res.cloudinary.com/image/upload/c_fill,d_headshots_default.png,dpr_2.0,f_auto,g_face:center,h_350,q_auto,w_280/headshots_33120.png"
Steve Wheatcroft,"https://pga-tour-res.cloudinary.com/image/upload/c_fill,d_headshots_default.png,dpr_2.0,f_auto,g_face:center,h_350,q_auto,w_280/headshots_25892.png"
Charl Schwartzel,"https://pga-tour-res.cloudinary.com/image/upload/c_fill,d_headshots_default.png,dpr_2.0,f_auto,g_face:center,h_350,q_auto,w_280/headshots_26331.png"
Guy Boros,"https://pga-tour-res.cloudinary.com/image/upload/c_fill,d_headshots_default.png,dpr_2.0,f_auto,g_face:center,h_350,q_auto,w_280/headshots_06214.png"
John Daly,"https://pga-tour-res.cloudinary.com/image/upload/c_fill,d_headshots_default.png,dpr_2.0,f_auto,g_face:center,h_350,q_auto,w_280/headshots_01249.png"
Neal Lancaster,"https://pga-tour-res.cloudinary.com/image/upload/c_fill,d_headshots_default.png,dpr_2.0,f_auto,g_face:center,h_350,q_auto,w_280/headshots_06332.png"
Billy Horschel,"https://pga-tour-res.cloudinary.com/image/upload/c_fill,d_headshots_default.png,dpr_2.0,f_auto,g_face:center,h_350,q_auto,w_280/headshots_29420.png"
Francesco Molinari,"https://pga-tour-res.cloudinary.com/image/upload/c_fill,d_headshots_default.png,dpr_2.0,f_auto,g_face:center,h_350,q_auto,w_280/headshots_25198.png"
Nick Taylor,"https://pga-tour-res.cloudinary.com/image/upload/c_fill,d_headshots_default.png,dpr_2.0,f_auto,g_face:center,h_350,q_auto,w_280/headshots_25493.png"
Ryan Blaum,"https://pga-tour-res.cloudinary.com/image/upload/c_fill,d_headshots_default.png,dpr_2.0,f_auto,g_face:center,h_350,q_auto,w_280/headshots_27958.png"
Angelo Que,https://cdn-icons-png.freepik.com/256/1077/1077114.png
Shawn Stefani,"https://pga-tour-res.cloudinary.com/image/upload/c_fill,d_headshots_default.png,dpr_2.0,f_auto,g_face:center,h_350,q_auto,w_280/headshots_33418.png"
Cameron Tringale,"https://pga-tour-res.cloudinary.com/image/upload/c_fill,d_headshots_default.png,dpr_2.0,f_auto,g_face:center,h_350,q_auto,w_280/headshots_33419.png"
Gonzalo Fernández-Castaño,https://cdn-icons-png.freepik.com/256/1077/1077114.png
Ben Martin,"https://pga-tour-res.cloudinary.com/image/upload/c_fill,d_headshots_default.png,dpr_2.0,f_auto,g_face:center,h_350,q_auto,w_280/headshots_33413.png"
Charlie Beljan,"https://pga-tour-res.cloudinary.com/image/upload/c_fill,d_headshots_default.png,dpr_2.0,f_auto,g_face:center,h_350,q_auto,w_280/headshots_32334.png"
Bronson Burgoon,"https://pga-tour-res.cloudinary.com/image/upload/c_fill,d_headshots_default.png,dpr_2.0,f_auto,g_face:center,h_350,q_auto,w_280/headshots_29268.png"
Andrew Svoboda,"https://pga-tour-res.cloudinary.com/image/upload/c_fill,d_headshots_default.png,dpr_2.0,f_auto,g_face:center,h_350,q_auto,w_280/headshots_29425.png"
Luke List,"https://pga-tour-res.cloudinary.com/image/upload/c_fill,d_headshots_default.png,dpr_2.0,f_auto,g_face:center,h_350,q_auto,w_280/headshots_27129.png"
Patton Kizzire,"https://pga-tour-res.cloudinary.com/image/upload/c_fill,d_headshots_default.png,dpr_2.0,f_auto,g_face:center,h_350,q_auto,w_280/headshots_32757.png"
Mark Hensby,"https://pga-tour-res.cloudinary.com/image/upload/c_fill,d_headshots_default.png,dpr_2.0,f_auto,g_face:center,h_350,q_auto,w_280/headshots_20433.png"
Zack Sucher,"https://pga-tour-res.cloudinary.com/image/upload/c_fill,d_headshots_default.png,dpr_2.0,f_auto,g_face:center,h_350,q_auto,w_280/headshots_33449.png"
Brady Schnell,"https://pga-tour-res.cloudinary.com/image/upload/c_fill,d_headshots_default.png,dpr_2.0,f_auto,g_face:center,h_350,q_auto,w_280/headshots_30786.png"
Jamie Lovemark,"https://pga-tour-res.cloudinary.com/image/upload/c_fill,d_headshots_default.png,dpr_2.0,f_auto,g_face:center,h_350,q_auto,w_280/headshots_29461.png"
Graham DeLaet,"https://pga-tour-res.cloudinary.com/image/upload/c_fill,d_headshots_default.png,dpr_2.0,f_auto,g_face:center,h_350,q_auto,w_280/headshots_27436.png"
Andres Gonzales,"https://pga-tour-res.cloudinary.com/image/upload/c_fill,d_headshots_default.png,dpr_2.0,f_auto,g_face:center,h_350,q_auto,w_280/headshots_29720.png"
Lucas Lee,"https://pga-tour-res.cloudinary.com/image/upload/c_fill,d_headshots_default.png,dpr_2.0,f_auto,g_face:center,h_350,q_auto,w_280/headshots_32888.png"
Shane Lowry,"https://pga-tour-res.cloudinary.com/image/upload/c_fill,d_headshots_default.png,dpr_2.0,f_auto,g_face:center,h_350,q_auto,w_280/headshots_33204.png"
Justin Thomas,"https://pga-tour-res.cloudinary.com/image/upload/c_fill,d_headshots_default.png,dpr_2.0,f_auto,g_face:center,h_350,q_auto,w_280/headshots_33448.png"
Chad Collins,"https://pga-tour-res.cloudinary.com/image/upload/c_fill,d_headshots_default.png,dpr_2.0,f_auto,g_face:center,h_350,q_auto,w_280/headshots_25720.png"
Troy Merritt,"https://pga-tour-res.cloudinary.com/image/upload/c_fill,d_headshots_default.png,dpr_2.0,f_auto,g_face:center,h_350,q_auto,w_280/headshots_32640.png"
Shane Bertsch,"https://pga-tour-res.cloudinary.com/image/upload/c_fill,d_headshots_default.png,dpr_2.0,f_auto,g_face:center,h_350,q_auto,w_280/headshots_10505.png"
Tom Gillis,"https://pga-tour-res.cloudinary.com/image/upload/c_fill,d_headshots_default.png,dpr_2.0,f_auto,g_face:center,h_350,q_auto,w_280/headshots_08725.png"
Blake Adams,"https://pga-tour-res.cloudinary.com/image/upload/c_fill,d_headshots_default.png,dpr_2.0,f_auto,g_face:center,h_350,q_auto,w_280/headshots_29910.png"
Brian Stuard,"https://pga-tour-res.cloudinary.com/image/upload/c_fill,d_headshots_default.png,dpr_2.0,f_auto,g_face:center,h_350,q_auto,w_280/headshots_31560.png"
Martin Flores,"https://pga-tour-res.cloudinary.com/image/upload/c_fill,d_headshots_default.png,dpr_2.0,f_auto,g_face:center,h_350,q_auto,w_280/headshots_28500.png"
Alex Prugh,"https://pga-tour-res.cloudinary.com/image/upload/c_fill,d_headshots_default.png,dpr_2.0,f_auto,g_face:center,h_350,q_auto,w_280/headshots_30946.png"
Cameron Percy,"https://pga-tour-res.cloudinary.com/image/upload/c_fill,d_headshots_default.png,dpr_2.0,f_auto,g_face:center,h_350,q_auto,w_280/headshots_22056.png"
Josh Teater,"https://pga-tour-res.cloudinary.com/image/upload/c_fill,d_headshots_default.png,dpr_2.0,f_auto,g_face:center,h_350,q_auto,w_280/headshots_27330.png"
Sam Saunders,"https://pga-tour-res.cloudinary.com/image/upload/c_fill,d_headshots_default.png,dpr_2.0,f_auto,g_face:center,h_350,q_auto,w_280/headshots_29223.png"
Matt Every,"https://pga-tour-res.cloudinary.com/image/upload/c_fill,d_headshots_default.png,dpr_2.0,f_auto,g_face:center,h_350,q_auto,w_280/headshots_28307.png"
Michael Putnam,"https://pga-tour-res.cloudinary.com/image/upload/c_fill,d_headshots_default.png,dpr_2.0,f_auto,g_face:center,h_350,q_auto,w_280/headshots_28486.png"
Ryan Armour,"https://pga-tour-res.cloudinary.com/image/upload/c_fill,d_headshots_default.png,dpr_2.0,f_auto,g_face:center,h_350,q_auto,w_280/headshots_19803.png"
Byeong Hun An,"https://pga-tour-res.cloudinary.com/image/upload/c_fill,d_headshots_default.png,dpr_2.0,f_auto,g_face:center,h_350,q_auto,w_280/headshots_33948.png"
William McGirt,"https://pga-tour-res.cloudinary.com/image/upload/c_fill,d_headshots_default.png,dpr_2.0,f_auto,g_face:center,h_350,q_auto,w_280/headshots_31202.png"
Bud Cauley,"https://pga-tour-res.cloudinary.com/image/upload/c_fill,d_headshots_default.png,dpr_2.0,f_auto,g_face:center,h_350,q_auto,w_280/headshots_34021.png"
Jordan Spieth,"https://pga-tour-res.cloudinary.com/image/upload/c_fill,d_headshots_default.png,dpr_2.0,f_auto,g_face:center,h_350,q_auto,w_280/headshots_34046.png"
Seung-Yul Noh,https://cdn-icons-png.freepik.com/256/1077/1077114.png
Russell Henley,"https://pga-tour-res.cloudinary.com/image/upload/c_fill,d_headshots_default.png,dpr_2.0,f_auto,g_face:center,h_350,q_auto,w_280/headshots_34098.png"
Scott Langley,"https://pga-tour-res.cloudinary.com/image/upload/c_fill,d_headshots_default.png,dpr_2.0,f_auto,g_face:center,h_350,q_auto,w_280/headshots_34261.png"
Jim Herman,"https://pga-tour-res.cloudinary.com/image/upload/c_fill,d_headshots_default.png,dpr_2.0,f_auto,g_face:center,h_350,q_auto,w_280/headshots_31557.png"
Hudson Swafford,"https://pga-tour-res.cloudinary.com/image/upload/c_fill,d_headshots_default.png,dpr_2.0,f_auto,g_face:center,h_350,q_auto,w_280/headshots_34264.png"
Morgan Hoffmann,"https://pga-tour-res.cloudinary.com/image/upload/c_fill,d_headshots_default.png,dpr_2.0,f_auto,g_face:center,h_350,q_auto,w_280/headshots_33461.png"
Jon Curran,"https://pga-tour-res.cloudinary.com/image/upload/c_fill,d_headshots_default.png,dpr_2.0,f_auto,g_face:center,h_350,q_auto,w_280/headshots_34262.png"
Andrew Putnam,"https://pga-tour-res.cloudinary.com/image/upload/c_fill,d_headshots_default.png,dpr_2.0,f_auto,g_face:center,h_350,q_auto,w_280/headshots_34256.png"
Daniel Summerhays,"https://pga-tour-res.cloudinary.com/image/upload/c_fill,d_headshots_default.png,dpr_2.0,f_auto,g_face:center,h_350,q_auto,w_280/headshots_25834.png"
Brett Stegmaier,"https://pga-tour-res.cloudinary.com/image/upload/c_fill,d_headshots_default.png,dpr_2.0,f_auto,g_face:center,h_350,q_auto,w_280/headshots_29485.png"
Joe Affrunti,"https://pga-tour-res.cloudinary.com/image/upload/c_fill,d_headshots_default.png,dpr_2.0,f_auto,g_face:center,h_350,q_auto,w_280/headshots_27796.png"
Alex Noren,"https://pga-tour-res.cloudinary.com/image/upload/c_fill,d_headshots_default.png,dpr_2.0,f_auto,g_face:center,h_350,q_auto,w_280/headshots_27349.png"
Victor Dubuisson,"https://pga-tour-res.cloudinary.com/image/upload/c_fill,d_headshots_default.png,dpr_2.0,f_auto,g_face:center,h_350,q_auto,w_280/headshots_28339.png"
Tyrrell Hatton,"https://pga-tour-res.cloudinary.com/image/upload/c_fill,d_headshots_default.png,dpr_2.0,f_auto,g_face:center,h_350,q_auto,w_280/headshots_34363.png"
Adam Hadwin,"https://pga-tour-res.cloudinary.com/image/upload/c_fill,d_headshots_default.png,dpr_2.0,f_auto,g_face:center,h_350,q_auto,w_280/headshots_33399.png"
David Hearn,"https://pga-tour-res.cloudinary.com/image/upload/c_fill,d_headshots_default.png,dpr_2.0,f_auto,g_face:center,h_350,q_auto,w_280/headshots_26758.png"
Danny Willett,"https://pga-tour-res.cloudinary.com/image/upload/c_fill,d_headshots_default.png,dpr_2.0,f_auto,g_face:center,h_350,q_auto,w_280/headshots_32139.png"
Brian Harman,"https://pga-tour-res.cloudinary.com/image/upload/c_fill,d_headshots_default.png,dpr_2.0,f_auto,g_face:center,h_350,q_auto,w_280/headshots_27644.png"
Keegan Bradley,"https://pga-tour-res.cloudinary.com/image/upload/c_fill,d_headshots_default.png,dpr_2.0,f_auto,g_face:center,h_350,q_auto,w_280/headshots_33141.png"
Scott Stallings,"https://pga-tour-res.cloudinary.com/image/upload/c_fill,d_headshots_default.png,dpr_2.0,f_auto,g_face:center,h_350,q_auto,w_280/headshots_30692.png"
John Huh,"https://pga-tour-res.cloudinary.com/image/upload/c_fill,d_headshots_default.png,dpr_2.0,f_auto,g_face:center,h_350,q_auto,w_280/headshots_34174.png"
Jonas Blixt,"https://pga-tour-res.cloudinary.com/image/upload/c_fill,d_headshots_default.png,dpr_2.0,f_auto,g_face:center,h_350,q_auto,w_280/headshots_27895.png"
"Ted Potter, Jr.","https://pga-tour-res.cloudinary.com/image/upload/c_fill,d_headshots_default.png,dpr_2.0,f_auto,g_face:center,h_350,q_auto,w_280/headshots_27556.png"
Harris English,"https://pga-tour-res.cloudinary.com/image/upload/c_fill,d_headshots_default.png,dpr_2.0,f_auto,g_face:center,h_350,q_auto,w_280/headshots_34099.png"
Justin Hicks,"https://pga-tour-res.cloudinary.com/image/upload/c_fill,d_headshots_default.png,dpr_2.0,f_auto,g_face:center,h_350,q_auto,w_280/headshots_25444.png"
David Lingmerth,"https://pga-tour-res.cloudinary.com/image/upload/c_fill,d_headshots_default.png,dpr_2.0,f_auto,g_face:center,h_350,q_auto,w_280/headshots_34409.png"
Brad Fritsch,"https://pga-tour-res.cloudinary.com/image/upload/c_fill,d_headshots_default.png,dpr_2.0,f_auto,g_face:center,h_350,q_auto,w_280/headshots_29740.png"
Henrik Norlander,"https://pga-tour-res.cloudinary.com/image/upload/c_fill,d_headshots_default.png,dpr_2.0,f_auto,g_face:center,h_350,q_auto,w_280/headshots_30163.png"
D.H. Lee,"https://pga-tour-res.cloudinary.com/image/upload/c_fill,d_headshots_default.png,dpr_2.0,f_auto,g_face:center,h_350,q_auto,w_280/headshots_28092.png"
Derek Ernst,"https://pga-tour-res.cloudinary.com/image/upload/c_fill,d_headshots_default.png,dpr_2.0,f_auto,g_face:center,h_350,q_auto,w_280/headshots_37273.png"
Steven Bowditch,"https://pga-tour-res.cloudinary.com/image/upload/c_fill,d_headshots_default.png,dpr_2.0,f_auto,g_face:center,h_350,q_auto,w_280/headshots_25274.png"
James Hahn,"https://pga-tour-res.cloudinary.com/image/upload/c_fill,d_headshots_default.png,dpr_2.0,f_auto,g_face:center,h_350,q_auto,w_280/headshots_32448.png"
Jason Kokrak,"https://pga-tour-res.cloudinary.com/image/upload/c_fill,d_headshots_default.png,dpr_2.0,f_auto,g_face:center,h_350,q_auto,w_280/headshots_30944.png"
Robert Streb,"https://pga-tour-res.cloudinary.com/image/upload/c_fill,d_headshots_default.png,dpr_2.0,f_auto,g_face:center,h_350,q_auto,w_280/headshots_34431.png"
Russell Knox,"https://pga-tour-res.cloudinary.com/image/upload/c_fill,d_headshots_default.png,dpr_2.0,f_auto,g_face:center,h_350,q_auto,w_280/headshots_33122.png"
Roberto Castro,"https://pga-tour-res.cloudinary.com/image/upload/c_fill,d_headshots_default.png,dpr_2.0,f_auto,g_face:center,h_350,q_auto,w_280/headshots_32200.png"
Steven Alker,"https://pga-tour-res.cloudinary.com/image/upload/c_fill,d_headshots_default.png,dpr_2.0,f_auto,g_face:center,h_350,q_auto,w_280/headshots_20771.png"
Patrick Reed,"https://pga-tour-res.cloudinary.com/image/upload/c_fill,d_headshots_default.png,dpr_2.0,f_auto,g_face:center,h_350,q_auto,w_280/headshots_34360.png"
Hideki Matsuyama,"https://pga-tour-res.cloudinary.com/image/upload/c_fill,d_headshots_default.png,dpr_2.0,f_auto,g_face:center,h_350,q_auto,w_280/headshots_32839.png"
Luke Guthrie,"https://pga-tour-res.cloudinary.com/image/upload/c_fill,d_headshots_default.png,dpr_2.0,f_auto,g_face:center,h_350,q_auto,w_280/headshots_35539.png"
Brendan Steele,"https://pga-tour-res.cloudinary.com/image/upload/c_fill,d_headshots_default.png,dpr_2.0,f_auto,g_face:center,h_350,q_auto,w_280/headshots_29518.png"
Patrick Cantlay,"https://pga-tour-res.cloudinary.com/image/upload/c_fill,d_headshots_default.png,dpr_2.0,f_auto,g_face:center,h_350,q_auto,w_280/headshots_35450.png"
Jhonattan Vegas,"https://pga-tour-res.cloudinary.com/image/upload/c_fill,d_headshots_default.png,dpr_2.0,f_auto,g_face:center,h_350,q_auto,w_280/headshots_27064.png"
Scott Brown,"https://pga-tour-res.cloudinary.com/image/upload/c_fill,d_headshots_default.png,dpr_2.0,f_auto,g_face:center,h_350,q_auto,w_280/headshots_29479.png"
Kelly Kraft,"https://pga-tour-res.cloudinary.com/image/upload/c_fill,d_headshots_default.png,dpr_2.0,f_auto,g_face:center,h_350,q_auto,w_280/headshots_35879.png"
Si Woo Kim,"https://pga-tour-res.cloudinary.com/image/upload/c_fill,d_headshots_default.png,dpr_2.0,f_auto,g_face:center,h_350,q_auto,w_280/headshots_37455.png"
Rafa Cabrera Bello,"https://pga-tour-res.cloudinary.com/image/upload/c_fill,d_headshots_default.png,dpr_2.0,f_auto,g_face:center,h_350,q_auto,w_280/headshots_26499.png"
Blayne Barber,"https://pga-tour-res.cloudinary.com/image/upload/c_fill,d_headshots_default.png,dpr_2.0,f_auto,g_face:center,h_350,q_auto,w_280/headshots_35545.png"
Branden Grace,"https://pga-tour-res.cloudinary.com/image/upload/c_fill,d_headshots_default.png,dpr_2.0,f_auto,g_face:center,h_350,q_auto,w_280/headshots_29974.png"
George Coetzee,"https://pga-tour-res.cloudinary.com/image/upload/c_fill,d_headshots_default.png,dpr_2.0,f_auto,g_face:center,h_350,q_auto,w_280/headshots_28937.png"
Jamie Donaldson,"https://pga-tour-res.cloudinary.com/image/upload/c_fill,d_headshots_default.png,dpr_2.0,f_auto,g_face:center,h_350,q_auto,w_280/headshots_25369.png"
Peter Uihlein,"https://pga-tour-res.cloudinary.com/image/upload/c_fill,d_headshots_default.png,dpr_2.0,f_auto,g_face:center,h_350,q_auto,w_280/headshots_29484.png"
John Peterson,"https://pga-tour-res.cloudinary.com/image/upload/c_fill,d_headshots_default.png,dpr_2.0,f_auto,g_face:center,h_350,q_auto,w_280/headshots_35541.png"
Duffy Waldorf,"https://pga-tour-res.cloudinary.com/image/upload/c_fill,d_headshots_default.png,dpr_2.0,f_auto,g_face:center,h_350,q_auto,w_280/headshots_02246.png"
Conrad Shindler,"https://pga-tour-res.cloudinary.com/image/upload/c_fill,d_headshots_default.png,dpr_2.0,f_auto,g_face:center,h_350,q_auto,w_280/headshots_39328.png"
Kyle Reifers,"https://pga-tour-res.cloudinary.com/image/upload/c_fill,d_headshots_default.png,dpr_2.0,f_auto,g_face:center,h_350,q_auto,w_280/headshots_29476.png"
Chase Seiffert,"https://pga-tour-res.cloudinary.com/image/upload/c_fill,d_headshots_default.png,dpr_2.0,f_auto,g_face:center,h_350,q_auto,w_280/headshots_39953.png"
Cody Gribble,"https://pga-tour-res.cloudinary.com/image/upload/c_fill,d_headshots_default.png,dpr_2.0,f_auto,g_face:center,h_350,q_auto,w_280/headshots_39954.png"
Michael Kim,"https://pga-tour-res.cloudinary.com/image/upload/c_fill,d_headshots_default.png,dpr_2.0,f_auto,g_face:center,h_350,q_auto,w_280/headshots_39975.png"
Patrick Rodgers,"https://pga-tour-res.cloudinary.com/image/upload/c_fill,d_headshots_default.png,dpr_2.0,f_auto,g_face:center,h_350,q_auto,w_280/headshots_36699.png"
Bernd Wiesberger,"https://pga-tour-res.cloudinary.com/image/upload/c_fill,d_headshots_default.png,dpr_2.0,f_auto,g_face:center,h_350,q_auto,w_280/headshots_29454.png"
Justin Harding,"https://pga-tour-res.cloudinary.com/image/upload/c_fill,d_headshots_default.png,dpr_2.0,f_auto,g_face:center,h_350,q_auto,w_280/headshots_28938.png"
Brooks Koepka,"https://pga-tour-res.cloudinary.com/image/upload/c_fill,d_headshots_default.png,dpr_2.0,f_auto,g_face:center,h_350,q_auto,w_280/headshots_36689.png"
Kiradech Aphibarnrat,"https://pga-tour-res.cloudinary.com/image/upload/c_fill,d_headshots_default.png,dpr_2.0,f_auto,g_face:center,h_350,q_auto,w_280/headshots_30978.png"
Satoshi Kodaira,"https://pga-tour-res.cloudinary.com/image/upload/c_fill,d_headshots_default.png,dpr_2.0,f_auto,g_face:center,h_350,q_auto,w_280/headshots_32816.png"
Roger Sloan,"https://pga-tour-res.cloudinary.com/image/upload/c_fill,d_headshots_default.png,dpr_2.0,f_auto,g_face:center,h_350,q_auto,w_280/headshots_33486.png"
Corey Conners,"https://pga-tour-res.cloudinary.com/image/upload/c_fill,d_headshots_default.png,dpr_2.0,f_auto,g_face:center,h_350,q_auto,w_280/headshots_39997.png"
Adam Svensson,"https://pga-tour-res.cloudinary.com/image/upload/c_fill,d_headshots_default.png,dpr_2.0,f_auto,g_face:center,h_350,q_auto,w_280/headshots_40115.png"
Mackenzie Hughes,"https://pga-tour-res.cloudinary.com/image/upload/c_fill,d_headshots_default.png,dpr_2.0,f_auto,g_face:center,h_350,q_auto,w_280/headshots_35506.png"
Joost Luiten,"https://pga-tour-res.cloudinary.com/image/upload/c_fill,d_headshots_default.png,dpr_2.0,f_auto,g_face:center,h_350,q_auto,w_280/headshots_28300.png"
Chesson Hadley,"https://pga-tour-res.cloudinary.com/image/upload/c_fill,d_headshots_default.png,dpr_2.0,f_auto,g_face:center,h_350,q_auto,w_280/headshots_34563.png"
Max Homa,"https://pga-tour-res.cloudinary.com/image/upload/c_fill,d_headshots_default.png,dpr_2.0,f_auto,g_face:center,h_350,q_auto,w_280/headshots_39977.png"
Billy Hurley III,"https://pga-tour-res.cloudinary.com/image/upload/c_fill,d_headshots_default.png,dpr_2.0,f_auto,g_face:center,h_350,q_auto,w_280/headshots_29222.png"
Brice Garnett,"https://pga-tour-res.cloudinary.com/image/upload/c_fill,d_headshots_default.png,dpr_2.0,f_auto,g_face:center,h_350,q_auto,w_280/headshots_29535.png"
Tyrone Van Aswegen,"https://pga-tour-res.cloudinary.com/image/upload/c_fill,d_headshots_default.png,dpr_2.0,f_auto,g_face:center,h_350,q_auto,w_280/headshots_28132.png"
Kevin Kisner,"https://pga-tour-res.cloudinary.com/image/upload/c_fill,d_headshots_default.png,dpr_2.0,f_auto,g_face:center,h_350,q_auto,w_280/headshots_29478.png"
Wes Roach,"https://pga-tour-res.cloudinary.com/image/upload/c_fill,d_headshots_default.png,dpr_2.0,f_auto,g_face:center,h_350,q_auto,w_280/headshots_35732.png"
Kevin Tway,"https://pga-tour-res.cloudinary.com/image/upload/c_fill,d_headshots_default.png,dpr_2.0,f_auto,g_face:center,h_350,q_auto,w_280/headshots_32333.png"
Peter Malnati,"https://pga-tour-res.cloudinary.com/image/upload/c_fill,d_headshots_default.png,dpr_2.0,f_auto,g_face:center,h_350,q_auto,w_280/headshots_34466.png"
Miguel Angel Carballo,"https://pga-tour-res.cloudinary.com/image/upload/c_fill,d_headshots_default.png,dpr_2.0,f_auto,g_face:center,h_350,q_auto,w_280/headshots_28093.png"
Martin Trainer,"https://pga-tour-res.cloudinary.com/image/upload/c_fill,d_headshots_default.png,dpr_2.0,f_auto,g_face:center,h_350,q_auto,w_280/headshots_35617.png"
Jim Renner,"https://pga-tour-res.cloudinary.com/image/upload/c_fill,d_headshots_default.png,dpr_2.0,f_auto,g_face:center,h_350,q_auto,w_280/headshots_31193.png"
Andrew Loupe,"https://pga-tour-res.cloudinary.com/image/upload/c_fill,d_headshots_default.png,dpr_2.0,f_auto,g_face:center,h_350,q_auto,w_280/headshots_35300.png"
Harold Varner III,"https://pga-tour-res.cloudinary.com/image/upload/c_fill,d_headshots_default.png,dpr_2.0,f_auto,g_face:center,h_350,q_auto,w_280/headshots_37189.png"
Scott Hend,"https://pga-tour-res.cloudinary.com/image/upload/c_fill,d_headshots_default.png,dpr_2.0,f_auto,g_face:center,h_350,q_auto,w_280/headshots_23063.png"
Dawie van der Walt,"https://pga-tour-res.cloudinary.com/image/upload/c_fill,d_headshots_default.png,dpr_2.0,f_auto,g_face:center,h_350,q_auto,w_280/headshots_28114.png"
Jordan Niebrugge,https://cdn-icons-png.freepik.com/256/1077/1077114.png
Hunter Stewart,https://cdn-icons-png.freepik.com/256/1077/1077114.png
Garrett Osborn,https://cdn-icons-png.freepik.com/256/1077/1077114.png
Chris Thompson,"https://pga-tour-res.cloudinary.com/image/upload/c_fill,d_headshots_default.png,dpr_2.0,f_auto,g_face:center,h_350,q_auto,w_280/headshots_10387.png"
Carlos Ortiz,"https://pga-tour-res.cloudinary.com/image/upload/c_fill,d_headshots_default.png,dpr_2.0,f_auto,g_face:center,h_350,q_auto,w_280/headshots_33667.png"
Austin Cook,"https://pga-tour-res.cloudinary.com/image/upload/c_fill,d_headshots_default.png,dpr_2.0,f_auto,g_face:center,h_350,q_auto,w_280/headshots_46435.png"
Talor Gooch,"https://pga-tour-res.cloudinary.com/image/upload/c_fill,d_headshots_default.png,dpr_2.0,f_auto,g_face:center,h_350,q_auto,w_280/headshots_46402.png"
Bobby Wyatt,"https://pga-tour-res.cloudinary.com/image/upload/c_fill,d_headshots_default.png,dpr_2.0,f_auto,g_face:center,h_350,q_auto,w_280/headshots_46507.png"
Joey Garber,"https://pga-tour-res.cloudinary.com/image/upload/c_fill,d_headshots_default.png,dpr_2.0,f_auto,g_face:center,h_350,q_auto,w_280/headshots_46523.png"
Tony Finau,"https://pga-tour-res.cloudinary.com/image/upload/c_fill,d_headshots_default.png,dpr_2.0,f_auto,g_face:center,h_350,q_auto,w_280/headshots_29725.png"
Zac Blair,"https://pga-tour-res.cloudinary.com/image/upload/c_fill,d_headshots_default.png,dpr_2.0,f_auto,g_face:center,h_350,q_auto,w_280/headshots_40058.png"
Byron Smith,https://cdn-icons-png.freepik.com/256/1077/1077114.png
Scott Pinckney,"https://pga-tour-res.cloudinary.com/image/upload/c_fill,d_headshots_default.png,dpr_2.0,f_auto,g_face:center,h_350,q_auto,w_280/headshots_35451.png"
Mark Hubbard,"https://pga-tour-res.cloudinary.com/image/upload/c_fill,d_headshots_default.png,dpr_2.0,f_auto,g_face:center,h_350,q_auto,w_280/headshots_36801.png"
Tom Hoge,"https://pga-tour-res.cloudinary.com/image/upload/c_fill,d_headshots_default.png,dpr_2.0,f_auto,g_face:center,h_350,q_auto,w_280/headshots_35532.png"
Daniel Berger,"https://pga-tour-res.cloudinary.com/image/upload/c_fill,d_headshots_default.png,dpr_2.0,f_auto,g_face:center,h_350,q_auto,w_280/headshots_40026.png"
Jonathan Randolph,"https://pga-tour-res.cloudinary.com/image/upload/c_fill,d_headshots_default.png,dpr_2.0,f_auto,g_face:center,h_350,q_auto,w_280/headshots_34358.png"
Whee Kim,"https://pga-tour-res.cloudinary.com/image/upload/c_fill,d_headshots_default.png,dpr_2.0,f_auto,g_face:center,h_350,q_auto,w_280/headshots_37454.png"
Sung Joon Park,"https://pga-tour-res.cloudinary.com/image/upload/c_fill,d_headshots_default.png,dpr_2.0,f_auto,g_face:center,h_350,q_auto,w_280/headshots_34130.png"
Oscar Fraustro,"https://pga-tour-res.cloudinary.com/image/upload/c_fill,d_headshots_default.png,dpr_2.0,f_auto,g_face:center,h_350,q_auto,w_280/headshots_30736.png"
Cameron Smith,"https://pga-tour-res.cloudinary.com/image/upload/c_fill,d_headshots_default.png,dpr_2.0,f_auto,g_face:center,h_350,q_auto,w_280/headshots_35891.png"
Trey Mullinax,"https://pga-tour-res.cloudinary.com/image/upload/c_fill,d_headshots_default.png,dpr_2.0,f_auto,g_face:center,h_350,q_auto,w_280/headshots_46601.png"
Brandon Hagy,"https://pga-tour-res.cloudinary.com/image/upload/c_fill,d_headshots_default.png,dpr_2.0,f_auto,g_face:center,h_350,q_auto,w_280/headshots_46550.png"
Jon Rahm,"https://pga-tour-res.cloudinary.com/image/upload/c_fill,d_headshots_default.png,dpr_2.0,f_auto,g_face:center,h_350,q_auto,w_280/headshots_46970.png"
David Lipsky,"https://pga-tour-res.cloudinary.com/image/upload/c_fill,d_headshots_default.png,dpr_2.0,f_auto,g_face:center,h_350,q_auto,w_280/headshots_36326.png"
Anirban Lahiri,"https://pga-tour-res.cloudinary.com/image/upload/c_fill,d_headshots_default.png,dpr_2.0,f_auto,g_face:center,h_350,q_auto,w_280/headshots_31420.png"
Tommy Fleetwood,"https://pga-tour-res.cloudinary.com/image/upload/c_fill,d_headshots_default.png,dpr_2.0,f_auto,g_face:center,h_350,q_auto,w_280/headshots_30911.png"
Emiliano Grillo,"https://pga-tour-res.cloudinary.com/image/upload/c_fill,d_headshots_default.png,dpr_2.0,f_auto,g_face:center,h_350,q_auto,w_280/headshots_31646.png"
Ollie Schniederjans,"https://pga-tour-res.cloudinary.com/image/upload/c_fill,d_headshots_default.png,dpr_2.0,f_auto,g_face:center,h_350,q_auto,w_280/headshots_46501.png"
Sam Burns,"https://pga-tour-res.cloudinary.com/image/upload/c_fill,d_headshots_default.png,dpr_2.0,f_auto,g_face:center,h_350,q_auto,w_280/headshots_47504.png"
Smylie Kaufman,"https://pga-tour-res.cloudinary.com/image/upload/c_fill,d_headshots_default.png,dpr_2.0,f_auto,g_face:center,h_350,q_auto,w_280/headshots_46440.png"
Andrew Landry,"https://pga-tour-res.cloudinary.com/image/upload/c_fill,d_headshots_default.png,dpr_2.0,f_auto,g_face:center,h_350,q_auto,w_280/headshots_33410.png"
Bryson DeChambeau,"https://pga-tour-res.cloudinary.com/image/upload/c_fill,d_headshots_default.png,dpr_2.0,f_auto,g_face:center,h_350,q_auto,w_280/headshots_47959.png"
C.T. Pan,"https://pga-tour-res.cloudinary.com/image/upload/c_fill,d_headshots_default.png,dpr_2.0,f_auto,g_face:center,h_350,q_auto,w_280/headshots_29908.png"
Lee McCoy,https://cdn-icons-png.freepik.com/256/1077/1077114.png
Brian Campbell,https://cdn-icons-png.freepik.com/256/1077/1077114.png
Paul Dunne,"https://pga-tour-res.cloudinary.com/image/upload/c_fill,d_headshots_default.png,dpr_2.0,f_auto,g_face:center,h_350,q_auto,w_280/headshots_46567.png"
Eddie Pepperell,"https://pga-tour-res.cloudinary.com/image/upload/c_fill,d_headshots_default.png,dpr_2.0,f_auto,g_face:center,h_350,q_auto,w_280/headshots_34709.png"
J.J. Spaun,"https://pga-tour-res.cloudinary.com/image/upload/c_fill,d_headshots_default.png,dpr_2.0,f_auto,g_face:center,h_350,q_auto,w_280/headshots_39324.png"
Martin Piller,"https://pga-tour-res.cloudinary.com/image/upload/c_fill,d_headshots_default.png,dpr_2.0,f_auto,g_face:center,h_350,q_auto,w_280/headshots_32876.png"
Abraham Ancer,"https://pga-tour-res.cloudinary.com/image/upload/c_fill,d_headshots_default.png,dpr_2.0,f_auto,g_face:center,h_350,q_auto,w_280/headshots_45526.png"
Rhein Gibson,"https://pga-tour-res.cloudinary.com/image/upload/c_fill,d_headshots_default.png,dpr_2.0,f_auto,g_face:center,h_350,q_auto,w_280/headshots_32618.png"
Denny McCarthy,"https://pga-tour-res.cloudinary.com/image/upload/c_fill,d_headshots_default.png,dpr_2.0,f_auto,g_face:center,h_350,q_auto,w_280/headshots_47993.png"
Sung Kang,"https://pga-tour-res.cloudinary.com/image/upload/c_fill,d_headshots_default.png,dpr_2.0,f_auto,g_face:center,h_350,q_auto,w_280/headshots_27974.png"
Rob Oppenheim,"https://pga-tour-res.cloudinary.com/image/upload/c_fill,d_headshots_default.png,dpr_2.0,f_auto,g_face:center,h_350,q_auto,w_280/headshots_27942.png"
Matt Atkins,"https://pga-tour-res.cloudinary.com/image/upload/c_fill,d_headshots_default.png,dpr_2.0,f_auto,g_face:center,h_350,q_auto,w_280/headshots_47125.png"
Haotong Li,"https://pga-tour-res.cloudinary.com/image/upload/c_fill,d_headshots_default.png,dpr_2.0,f_auto,g_face:center,h_350,q_auto,w_280/headshots_35296.png"
Xander Schauffele,"https://pga-tour-res.cloudinary.com/image/upload/c_fill,d_headshots_default.png,dpr_2.0,f_auto,g_face:center,h_350,q_auto,w_280/headshots_48081.png"
Charlie Danielson,https://cdn-icons-png.freepik.com/256/1077/1077114.png
Thomas Pieters,"https://pga-tour-res.cloudinary.com/image/upload/c_fill,d_headshots_default.png,dpr_2.0,f_auto,g_face:center,h_350,q_auto,w_280/headshots_33293.png"
Rafael Campos,"https://pga-tour-res.cloudinary.com/image/upload/c_fill,d_headshots_default.png,dpr_2.0,f_auto,g_face:center,h_350,q_auto,w_280/headshots_32070.png"
Kramer Hickok,"https://pga-tour-res.cloudinary.com/image/upload/c_fill,d_headshots_default.png,dpr_2.0,f_auto,g_face:center,h_350,q_auto,w_280/headshots_49298.png"
Ethan Tracy,"https://pga-tour-res.cloudinary.com/image/upload/c_fill,d_headshots_default.png,dpr_2.0,f_auto,g_face:center,h_350,q_auto,w_280/headshots_47287.png"
Wesley Bryan,"https://pga-tour-res.cloudinary.com/image/upload/c_fill,d_headshots_default.png,dpr_2.0,f_auto,g_face:center,h_350,q_auto,w_280/headshots_48084.png"
Robby Shelton,"https://pga-tour-res.cloudinary.com/image/upload/c_fill,d_headshots_default.png,dpr_2.0,f_auto,g_face:center,h_350,q_auto,w_280/headshots_46441.png"
Andrew Johnston,https://cdn-icons-png.freepik.com/256/1077/1077114.png
Michael Johnson,https://cdn-icons-png.freepik.com/256/1077/1077114.png
Jared du Toit,https://cdn-icons-png.freepik.com/256/1077/1077114.png
Aaron Wise,"https://pga-tour-res.cloudinary.com/image/upload/c_fill,d_headshots_default.png,dpr_2.0,f_auto,g_face:center,h_350,q_auto,w_280/headshots_49964.png"
Dominic Bozzelli,"https://pga-tour-res.cloudinary.com/image/upload/c_fill,d_headshots_default.png,dpr_2.0,f_auto,g_face:center,h_350,q_auto,w_280/headshots_40009.png"
Brett Drewitt,"https://pga-tour-res.cloudinary.com/image/upload/c_fill,d_headshots_default.png,dpr_2.0,f_auto,g_face:center,h_350,q_auto,w_280/headshots_35110.png"
Richy Werenski,"https://pga-tour-res.cloudinary.com/image/upload/c_fill,d_headshots_default.png,dpr_2.0,f_auto,g_face:center,h_350,q_auto,w_280/headshots_47128.png"
J.T. Poston,"https://pga-tour-res.cloudinary.com/image/upload/c_fill,d_headshots_default.png,dpr_2.0,f_auto,g_face:center,h_350,q_auto,w_280/headshots_49771.png"
Ryan Brehm,"https://pga-tour-res.cloudinary.com/image/upload/c_fill,d_headshots_default.png,dpr_2.0,f_auto,g_face:center,h_350,q_auto,w_280/headshots_28420.png"
Nicholas Lindheim,"https://pga-tour-res.cloudinary.com/image/upload/c_fill,d_headshots_default.png,dpr_2.0,f_auto,g_face:center,h_350,q_auto,w_280/headshots_37278.png"
Seamus Power,"https://pga-tour-res.cloudinary.com/image/upload/c_fill,d_headshots_default.png,dpr_2.0,f_auto,g_face:center,h_350,q_auto,w_280/headshots_28252.png"
Collin Morikawa,"https://pga-tour-res.cloudinary.com/image/upload/c_fill,d_headshots_default.png,dpr_2.0,f_auto,g_face:center,h_350,q_auto,w_280/headshots_50525.png"
Rick Lamb,"https://pga-tour-res.cloudinary.com/image/upload/c_fill,d_headshots_default.png,dpr_2.0,f_auto,g_face:center,h_350,q_auto,w_280/headshots_46732.png"
Grayson Murray,"https://pga-tour-res.cloudinary.com/image/upload/c_fill,d_headshots_default.png,dpr_2.0,f_auto,g_face:center,h_350,q_auto,w_280/headshots_34213.png"
Joel Dahmen,"https://pga-tour-res.cloudinary.com/image/upload/c_fill,d_headshots_default.png,dpr_2.0,f_auto,g_face:center,h_350,q_auto,w_280/headshots_34076.png"
Stephan Jaeger,"https://pga-tour-res.cloudinary.com/image/upload/c_fill,d_headshots_default.png,dpr_2.0,f_auto,g_face:center,h_350,q_auto,w_280/headshots_36799.png"
Anders Albertson,"https://pga-tour-res.cloudinary.com/image/upload/c_fill,d_headshots_default.png,dpr_2.0,f_auto,g_face:center,h_350,q_auto,w_280/headshots_49303.png"
John Oda,https://cdn-icons-png.freepik.com/256/1077/1077114.png
John Chin,https://cdn-icons-png.freepik.com/256/1077/1077114.png
Beau Hossler,"https://pga-tour-res.cloudinary.com/image/upload/c_fill,d_headshots_default.png,dpr_2.0,f_auto,g_face:center,h_350,q_auto,w_280/headshots_35461.png"
Jim Knous,"https://pga-tour-res.cloudinary.com/image/upload/c_fill,d_headshots_default.png,dpr_2.0,f_auto,g_face:center,h_350,q_auto,w_280/headshots_36852.png"
Keith Mitchell,"https://pga-tour-res.cloudinary.com/image/upload/c_fill,d_headshots_default.png,dpr_2.0,f_auto,g_face:center,h_350,q_auto,w_280/headshots_39546.png"
Curtis Luck,"https://pga-tour-res.cloudinary.com/image/upload/c_fill,d_headshots_default.png,dpr_2.0,f_auto,g_face:center,h_350,q_auto,w_280/headshots_37380.png"
Chase Koepka,https://cdn-icons-png.freepik.com/256/1077/1077114.png
Braden Thornberry,https://cdn-icons-png.freepik.com/256/1077/1077114.png
Sam Horsfield,https://cdn-icons-png.freepik.com/256/1077/1077114.png
Wyndham Clark,"https://pga-tour-res.cloudinary.com/image/upload/c_fill,d_headshots_default.png,dpr_2.0,f_auto,g_face:center,h_350,q_auto,w_280/headshots_51766.png"
Joaquin Niemann,"https://pga-tour-res.cloudinary.com/image/upload/c_fill,d_headshots_default.png,dpr_2.0,f_auto,g_face:center,h_350,q_auto,w_280/headshots_45486.png"
Dylan Meyer,https://cdn-icons-png.freepik.com/256/1077/1077114.png
Dylan Frittelli,"https://pga-tour-res.cloudinary.com/image/upload/c_fill,d_headshots_default.png,dpr_2.0,f_auto,g_face:center,h_350,q_auto,w_280/headshots_29970.png"
Sam Ryder,"https://pga-tour-res.cloudinary.com/image/upload/c_fill,d_headshots_default.png,dpr_2.0,f_auto,g_face:center,h_350,q_auto,w_280/headshots_37275.png"
Sungjae Im,"https://pga-tour-res.cloudinary.com/image/upload/c_fill,d_headshots_default.png,dpr_2.0,f_auto,g_face:center,h_350,q_auto,w_280/headshots_39971.png"
Chase Wright,"https://pga-tour-res.cloudinary.com/image/upload/c_fill,d_headshots_default.png,dpr_2.0,f_auto,g_face:center,h_350,q_auto,w_280/headshots_37340.png"
Adam Schenk,"https://pga-tour-res.cloudinary.com/image/upload/c_fill,d_headshots_default.png,dpr_2.0,f_auto,g_face:center,h_350,q_auto,w_280/headshots_47347.png"
Nate Lashley,"https://pga-tour-res.cloudinary.com/image/upload/c_fill,d_headshots_default.png,dpr_2.0,f_auto,g_face:center,h_350,q_auto,w_280/headshots_28775.png"
Cameron Champ,"https://pga-tour-res.cloudinary.com/image/upload/c_fill,d_headshots_default.png,dpr_2.0,f_auto,g_face:center,h_350,q_auto,w_280/headshots_52372.png"
Sepp Straka,"https://pga-tour-res.cloudinary.com/image/upload/c_fill,d_headshots_default.png,dpr_2.0,f_auto,g_face:center,h_350,q_auto,w_280/headshots_49960.png"
Adam Long,"https://pga-tour-res.cloudinary.com/image/upload/c_fill,d_headshots_default.png,dpr_2.0,f_auto,g_face:center,h_350,q_auto,w_280/headshots_35449.png"
Tyler Duncan,"https://pga-tour-res.cloudinary.com/image/upload/c_fill,d_headshots_default.png,dpr_2.0,f_auto,g_face:center,h_350,q_auto,w_280/headshots_45609.png"
Seth Reeves,"https://pga-tour-res.cloudinary.com/image/upload/c_fill,d_headshots_default.png,dpr_2.0,f_auto,g_face:center,h_350,q_auto,w_280/headshots_47856.png"
Brandon Harkins,"https://pga-tour-res.cloudinary.com/image/upload/c_fill,d_headshots_default.png,dpr_2.0,f_auto,g_face:center,h_350,q_auto,w_280/headshots_35421.png"
Ben Silverman,"https://pga-tour-res.cloudinary.com/image/upload/c_fill,d_headshots_default.png,dpr_2.0,f_auto,g_face:center,h_350,q_auto,w_280/headshots_39327.png"
Kyle Jones,"https://pga-tour-res.cloudinary.com/image/upload/c_fill,d_headshots_default.png,dpr_2.0,f_auto,g_face:center,h_350,q_auto,w_280/headshots_47990.png"
José de Jesús Rodríguez,"https://pga-tour-res.cloudinary.com/image/upload/c_fill,d_headshots_default.png,dpr_2.0,f_auto,g_face:center,h_350,q_auto,w_280/headshots_32058.png"
Hank Lebioda,"https://pga-tour-res.cloudinary.com/image/upload/c_fill,d_headshots_default.png,dpr_2.0,f_auto,g_face:center,h_350,q_auto,w_280/headshots_49766.png"
Tom Lovelady,"https://pga-tour-res.cloudinary.com/image/upload/c_fill,d_headshots_default.png,dpr_2.0,f_auto,g_face:center,h_350,q_auto,w_280/headshots_50526.png"
Alex Kang,https://cdn-icons-png.freepik.com/256/1077/1077114.png
Viktor Hovland,"https://pga-tour-res.cloudinary.com/image/upload/c_fill,d_headshots_default.png,dpr_2.0,f_auto,g_face:center,h_350,q_auto,w_280/headshots_46717.png"
Matthew Wolff,"https://pga-tour-res.cloudinary.com/image/upload/c_fill,d_headshots_default.png,dpr_2.0,f_auto,g_face:center,h_350,q_auto,w_280/headshots_56278.png"
Matt Wallace,"https://pga-tour-res.cloudinary.com/image/upload/c_fill,d_headshots_default.png,dpr_2.0,f_auto,g_face:center,h_350,q_auto,w_280/headshots_48887.png"
Erik van Rooyen,"https://pga-tour-res.cloudinary.com/image/upload/c_fill,d_headshots_default.png,dpr_2.0,f_auto,g_face:center,h_350,q_auto,w_280/headshots_40006.png"
Shubhankar Sharma,"https://pga-tour-res.cloudinary.com/image/upload/c_fill,d_headshots_default.png,dpr_2.0,f_auto,g_face:center,h_350,q_auto,w_280/headshots_39113.png"
Lucas Bjerregaard,"https://pga-tour-res.cloudinary.com/image/upload/c_fill,d_headshots_default.png,dpr_2.0,f_auto,g_face:center,h_350,q_auto,w_280/headshots_33803.png"
Austen Truslow,https://cdn-icons-png.freepik.com/256/1077/1077114.png
Chip McDaniel,https://cdn-icons-png.freepik.com/256/1077/1077114.png
Doc Redman,"https://pga-tour-res.cloudinary.com/image/upload/c_fill,d_headshots_default.png,dpr_2.0,f_auto,g_face:center,h_350,q_auto,w_280/headshots_53165.png"
Julian Suri,https://cdn-icons-png.freepik.com/256/1077/1077114.png
Lanto Griffin,"https://pga-tour-res.cloudinary.com/image/upload/c_fill,d_headshots_default.png,dpr_2.0,f_auto,g_face:center,h_350,q_auto,w_280/headshots_35310.png"
Xinjun Zhang,"https://pga-tour-res.cloudinary.com/image/upload/c_fill,d_headshots_default.png,dpr_2.0,f_auto,g_face:center,h_350,q_auto,w_280/headshots_32254.png"
Robert MacIntyre,"https://pga-tour-res.cloudinary.com/image/upload/c_fill,d_headshots_default.png,dpr_2.0,f_auto,g_face:center,h_350,q_auto,w_280/headshots_52215.png"
Matthew Southgate,https://cdn-icons-png.freepik.com/256/1077/1077114.png
Chris Paisley,https://cdn-icons-png.freepik.com/256/1077/1077114.png
